URL,label
https://arxiv.org/abs/2207.07456,interest
https://arxiv.org/abs/2402.08038,nointerest
https://arxiv.org/abs/2402.07885,nointerest
https://arxiv.org/abs/2402.07861,interest
https://arxiv.org/abs/1910.06794,interest
https://arxiv.org/abs/1704.00202,interest
https://arxiv.org/abs/1703.07790,interest
https://arxiv.org/abs/2402.09783,nointerest
https://arxiv.org/abs/2402.08534,nointerest
https://arxiv.org/abs/2402.07961,nointerest
https://arxiv.org/abs/2106.13421,interest
https://arxiv.org/abs/1604.03979,nointerest
https://arxiv.org/abs/1603.07306,interest
https://arxiv.org/abs/1310.7942,interest
https://arxiv.org/abs/1310.7940,nointerest
https://arxiv.org/abs/1310.7939,nointerest
https://arxiv.org/abs/1310.7938,nointerest
https://arxiv.org/abs/1310.7937,nointerest
https://arxiv.org/abs/1310.7936,nointerest
https://arxiv.org/abs/1310.7935,nointerest
https://arxiv.org/abs/1310.7934,nointerest
https://arxiv.org/abs/1310.7933,nointerest
https://arxiv.org/abs/1310.7930,nointerest
https://arxiv.org/abs/2302.01352,nointerest
https://arxiv.org/abs/2301.08484,nointerest
https://arxiv.org/abs/2301.08482,nointerest
https://arxiv.org/abs/2301.08485,nointerest
https://arxiv.org/abs/2401.05047,interest
https://arxiv.org/abs/2401.03715,interest